{
  "Author": "Cai",
  "Name": "GCDTracker",
  "InternalName": "GCDTracker",
  "AssemblyVersion": "1.0.2.5",
  "Description": "Tracks GCD, OGCDs and combo status. Instantly visualizing what is happening with queue, animation lock and helping you get familiar with the concepts.",
  "ApplicableVersion": "any",
  "RepoUrl": "https://github.com/CaiClone/GCDTracker",
  "Tags": [
    "combat",
    "gcd"
  ],
  "DalamudApiLevel": 8,
  "LoadRequiredState": 0,
  "LoadSync": false,
  "LoadPriority": 0,
  "ImageUrls": [
    "https://github.com/CaiClone/GCDTracker/raw/main/images/image1.png"
  ],
  "IconUrl": "https://github.com/CaiClone/GCDTracker/raw/main/images/icon.png",
  "Punchline": "Is my DRG still jumping?",
  "AcceptsFeedback": true
}