{
  "Disabled": false,
  "Testing": false,
  "ScheduledForDeletion": false,
  "InstalledFromUrl": "",
  "WorkingPluginId": "90882def-dcf2-4dea-abdc-2dc2fb2e87a2",
  "IsThirdParty": false,
  "EffectiveVersion": "1.0.2.10",
  "Author": "Cai",
  "Name": "GCDTracker",
  "Punchline": "Is my DRG still jumping?",
  "Description": "Tracks GCD, OGCDs and combo status. Instantly visualizing what is happening with queue, animation lock and helping you get familiar with the concepts.",
  "Changelog": null,
  "Tags": [
    "combat",
    "gcd"
  ],
  "CategoryTags": null,
  "IsHide": false,
  "InternalName": "GCDTracker",
  "AssemblyVersion": "1.0.2.10",
  "TestingAssemblyVersion": null,
  "IsTestingExclusive": false,
  "RepoUrl": "https://github.com/CaiClone/GCDTracker",
  "ApplicableVersion": "any",
  "DalamudApiLevel": 9,
  "DownloadCount": 0,
  "LastUpdate": 0,
  "DownloadLinkInstall": null,
  "DownloadLinkUpdate": null,
  "DownloadLinkTesting": null,
  "LoadRequiredState": 0,
  "LoadSync": false,
  "LoadPriority": 0,
  "CanUnloadAsync": false,
  "SupportsProfiles": true,
  "ImageUrls": [
    "https://github.com/CaiClone/GCDTracker/raw/main/images/image1.png"
  ],
  "IconUrl": "https://github.com/CaiClone/GCDTracker/raw/main/images/icon.png",
  "AcceptsFeedback": true,
  "FeedbackMessage": null,
  "_Dip17Channel": null
}